Letter,Waiting owner,A101,ada,C6,icon-512x512.png,28/10/2563 23:23:22,Balance
Letter,Received,A101,add,C6,icon-512x512.png,28/10/2563 23:25:15,Balance
Letter,Waiting owner,A101,add,C6,2a701e751e43495e40514b6a45673203.jpg,28/10/2563 23:30:19,Balance
Document,Received,A202,adad,A4,icon-512x512.png,ada,29/10/2563 09:23:12,Chess
Supply,Waiting owner,A101,ddd,A,14188344_1792716667642628_4697238547599826087_o.jpg,dad,adadd,29/10/2563 09:44:56,Balance
Letter,Received,A202,aa,C6,stretched-1920-1080-1010684.jpg,29/10/2563 09:52:24,Chess
Supply,Received,A102,Moss,A,30_10_2563_23_01_24.jpg,curry,c1235h15,30/10/2563 23:01:24,Chess
Document,Waiting owner,A102,Bass,A3,31_10_2563_11_47_33.jpg,Secret,31/10/2563 11:47:33,Chess
Supply,Waiting owner,A101,CoShop,C,OFM5004949.jpg,curry,1235467,31/10/2563 11:49:10,Balance
Letter,Waiting owner,A101,Balance,C6,31_10_2563_21_50_39.png,31/10/2563 21:50:39,Balance
Letter,Received,A101,dad,C6,20_11_2563_17_39_50.png,20/11/2563 17:39:50,Balance
Letter,Received,B101,da,C6,21_11_2563_20_39_22.png,21/11/2563 20:39:22,CC
Document,Received,B101,da,A4,2.png,secret,21/11/2563 20:40:41,CC
Supply,Received,B101,dad,D,GettyImages-640318118-c83a508.jpg,kerry,ks139,21/11/2563 20:43:18,CC
Letter,Waiting owner,B101,DD,C6,icon-512x512.png,22/11/2563 10:36:26,CC
Document,Waiting owner,B101,a,A3,22_11_2563_10_38_20.jpg,Secret,22/11/2563 10:38:20,CC
Supply,Received,B101,BB,A,22_11_2563_10_39_51.jpg,Kerry,KS139,22/11/2563 10:39:51,CC
Supply,Waiting owner,B101,Ad,A,22_11_2563_10_41_16.jpg,Kerry,KS139,22/11/2563 10:41:16,CC
Letter,Waiting owner,A102,M,Dl,22_11_2563_10_43_42.png,22/11/2563 10:43:42,Chess
Supply,Waiting owner,A102,X,C,22_11_2563_10_44_27.jpg,ThaiPost,Th55789,22/11/2563 10:44:27,Chess
Document,Waiting owner,A102,P,A3,22_11_2563_10_45_51.jpg,normal,22/11/2563 10:45:51,Chess
Letter,Waiting owner,B202,Ad,Dl,22_11_2563_10_48_28.png,22/11/2563 10:48:28,DD
Document,Waiting owner,B202,Test,A3,22_11_2563_10_49_02.jpg,Secret,22/11/2563 10:49:02,DD
Supply,Waiting owner,B202,KK,D,22_11_2563_10_49_53.jpg,ThaiPost,Th56987,22/11/2563 10:49:53,DD
Document,Waiting owner,A202,Mike,A4,22_11_2563_13_52_20.jpg,normal,22/11/2563 13:52:20,GG
Letter,Waiting owner,A202,Mike,C4,22_11_2563_13_52_46.png,22/11/2563 13:52:46,GG
Supply,Waiting owner,A202,ad,A,22_11_2563_13_53_40.jpg,Thaipost,Th56324,22/11/2563 13:53:40,GG
